{
	"password": "0000000100000000000000000100010000000000100110000000000000000000000000000000000001010100000000000000000000000000000000000110000001110110011101100100010000000111",
	"Firstname": "vaughan",
	"Lastname": "robertson",
	"Bridge1": {
		"name": "Bridge-test",
		"ip": "0.0.0.0",
		"port": "2",
		"location": "fnik",
		"user": "kk"
	},
	"Bridge2": {
		"name": "ertasdfghjkl",
		"ip": "2.2.2.2",
		"port": "8",
		"location": "x",
		"user": "x"
	},
	"Bridge3": {
		"name": "asdfghjkl",
		"ip": "8.0.0.0",
		"port": "8080",
		"location": "georm",
		"user": "wbivjwv"
	},
	"Bridge4": {
		"name": "q",
		"ip": "8.0.0.0",
		"port": "8080",
		"location": "georm",
		"user": "wbivjwv"
	},
	"Bridge4": {
		"name": "1234567890wertyui",
		"ip": "8.0.0.0",
		"port": "8080",
		"location": "georm",
		"user": "wbivjwv"
	},
	"Bridge5": {
		"name": "Vaughan-Brider",
		"ip": "123.234.34.1",
		"port": "8080",
		"location": "Home",
		"user": "vaughan-Bridge"
	},
	"Bridge6": {
		"name": "Vaughan-Bridge",
		"ip": "123.234.34.5",
		"port": "8080",
		"location": "Home",
		"user": "vaughan"
	},
	"Bridge7": {
		"name": "Vaughan-Bridge",
		"ip": "123.234.34.43:",
		"port": "8080",
		"location": "Home",
		"user": "Vaughan"
	}
}