{
	"password": "0000000100000000000000000100010000000000100110000000000000000000000000000000000001010100000000000000000000000000000000000110000001110110011101100100010000000111",
	"Firstname": "Vaughan",
	"Lastname": "Robertson",
	"Bridge1": {
		"name": "test",
		"ip": "123.345.456.5",
		"port": "8080",
		"location": "home",
		"user": "vaughan"
	},
	"Bridge2": {
		"name": "rob",
		"ip": "127.0.0.1",
		"port": "8080",
		"location": "q",
		"user": "q"
	},
	"Bridge3": {
		"name": "r",
		"ip": "127.0.0.1",
		"port": "1234",
		"location": "home",
		"user": "home"
	},
	"Bridge4": {
		"name": "Bridge-Test",
		"ip": "127.0.0.1",
		"port": "1234",
		"location": "home",
		"user": "home"
	},
	"Bridge5": {
		"name": "Bridge",
		"ip": "127.0.0.1",
		"port": "1234",
		"location": "home",
		"user": "home"
}